<?xml version="1.0" encoding="UTF-8"?>

<mule xmlns:metadata="http://www.mulesoft.org/schema/mule/metadata" xmlns:dw="http://www.mulesoft.org/schema/mule/ee/dw" xmlns:file="http://www.mulesoft.org/schema/mule/file" xmlns="http://www.mulesoft.org/schema/mule/core" xmlns:doc="http://www.mulesoft.org/schema/mule/documentation"
	xmlns:spring="http://www.springframework.org/schema/beans" 
	xmlns:xsi="http://www.w3.org/2001/XMLSchema-instance"
	xsi:schemaLocation="http://www.springframework.org/schema/beans http://www.springframework.org/schema/beans/spring-beans-current.xsd
http://www.mulesoft.org/schema/mule/core http://www.mulesoft.org/schema/mule/core/current/mule.xsd
http://www.mulesoft.org/schema/mule/file http://www.mulesoft.org/schema/mule/file/current/mule-file.xsd
http://www.mulesoft.org/schema/mule/ee/dw http://www.mulesoft.org/schema/mule/ee/dw/current/dw.xsd">
    <flow name="dartFlow">
        <file:inbound-endpoint path="C:\Users\msps\AnypointStudio\mule-ee-distribution-standalone-3.8.4\mule-enterprise-standalone-3.8.4\drop\input" moveToDirectory="C:\Users\msps\AnypointStudio\mule-ee-distribution-standalone-3.8.4\mule-enterprise-standalone-3.8.4\drop\output" responseTimeout="10000" doc:name="File"/>
        <dw:transform-message doc:name="Transform Message" metadata:id="e0f0180f-cb94-440d-8357-7ec1c4c43137">
            <dw:input-payload mimeType="text/plain">
                <dw:reader-property name="schemaPath" value="bn106-1.ffd"/>
                <dw:reader-property name="structureIdent" value="flat1"/>
            </dw:input-payload>
            <dw:set-payload><![CDATA[%dw 1.0
%output application/java
---
payload]]></dw:set-payload>
        </dw:transform-message>
        <logger message="#[payload]" level="INFO" doc:name="Logger"/>
    </flow>
</mule>
